carat.size,color,clarity,cut,price
0.3,1,1,1,100
0.44,1,4,1,100
0.31,1,1,1,100
0.66,7,5,1,100
0.47,4,4,2,100
0.4,3,3,1,100
0.36,0,4,1,100
0.52,4,6,2,100
0.53,0,6,2,100.1
0.43,2,4,1,100.1
0.43,2,4,2,100.1
0.43,2,4,2,100.1
0.3,1,1,3,100.1
0.47,5,4,1,100.1
0.41,1,4,1,100.1
0.44,0,5,1,100.1
0.36,2,2,1,100.1
0.4,1,3,3,100.1
0.4,1,3,3,100.1
0.32,2,0,2,100.2
0.5,2,6,2,100.2
0.5,4,5,3,100.2
0.36,1,3,1,100.2
0.44,1,4,1,100.2
0.31,1,1,2,100.2
0.45,2,4,2,101.7
0.51,5,5,2,101.7
0.3,1,1,1,101.7
0.51,5,5,0,101.7
0.41,3,3,0,101.8
0.31,1,1,1,101.8
0.31,1,1,1,101.8
0.31,1,1,2,101.8
0.31,1,1,2,101.8
0.31,1,1,1,101.8
0.31,1,1,1,101.8
0.31,1,1,1,101.8
0.31,1,1,2,101.8
0.4,2,2,2,101.8
0.31,1,0,2,101.8
0.31,1,0,2,101.8
0.42,3,2,1,101.9
0.33,0,2,0,101.9
0.37,4,1,1,101.9
0.45,6,1,2,101.9
0.4,1,3,3,101.9
0.4,1,3,2,101.9
0.32,0,1,2,101.9
0.32,0,1,1,101.9
0.37,0,2,1,101.9
0.33,1,1,1,103.6
0.33,1,1,0,103.6
0.37,1,2,2,103.7
0.37,1,2,2,103.7
0.43,0,4,1,103.7
0.43,0,4,1,103.7
0.43,0,4,1,103.7
0.43,0,4,1,103.7
0.43,0,4,1,103.7
0.34,0,1,1,103.7
0.37,1,1,1,103.7
0.37,1,1,1,103.7
0.5,0,6,3,103.7
0.33,2,1,1,103.7
0.57,6,4,3,103.7
0.4,4,1,0,103.7
0.4,4,1,1,103.7
0.4,4,1,1,103.7
0.4,4,1,1,103.7
0.44,0,4,1,103.7
0.31,1,1,1,103.7
0.31,0,1,1,103.7
0.31,0,1,1,103.7
0.4,2,3,2,103.7
0.4,2,3,2,103.7
0.32,2,1,0,105.3
0.32,2,1,1,105.3
0.4,2,2,2,105.3
0.48,3,4,2,105.3
0.33,0,2,1,105.3
0.38,1,3,1,105.4
0.32,1,0,1,105.4
0.31,3,0,1,105.4
0.53,2,6,2,105.4
0.42,0,3,1,105.4
0.42,0,3,2,105.4
0.34,2,0,2,105.4
0.36,1,1,1,105.4
0.51,6,3,2,105.4
0.34,1,2,1,105.4
0.33,0,1,2,105.4
0.33,1,1,1,105.5
0.4,1,3,2,105.5
0.4,1,3,2,105.5
0.4,1,3,1,105.5
0.41,1,3,2,105.5
0.41,1,3,2,105.5
0.37,1,3,1,105.5
0.4,5,0,2,105.5
0.37,0,2,1,105.5
0.38,1,3,1,107.6
0.45,1,4,1,107.6
0.5,1,6,2,107.6
0.5,3,5,1,107.6
0.5,3,5,1,107.6
0.42,2,3,2,107.6
0.42,2,3,1,107.6
0.5,1,6,1,107.6
0.5,3,5,2,107.6
0.62,6,4,3,107.6
0.5,6,4,1,107.6
0.39,1,1,1,107.6
0.39,1,1,1,107.6
0.37,4,1,0,107.7
0.37,0,3,1,107.7
0.37,0,3,1,107.7
0.54,4,6,2,107.7
0.46,0,4,1,107.7
0.57,6,4,2,107.7
0.36,3,1,1,107.7
0.38,1,3,0,107.8
0.34,2,0,1,107.8
0.31,1,1,0,107.8
0.52,1,6,1,107.8
0.5,5,4,2,107.8
0.44,3,2,1,109.9
0.35,3,0,0,109.9
0.35,1,2,1,109.9
0.55,3,5,1,109.9
0.32,2,0,0,110
0.32,2,0,1,110
0.33,2,1,1,110
0.46,1,4,3,110
0.42,2,2,2,110
0.44,2,4,1,110
0.5,1,5,3,110.1
0.4,2,2,1,110.1
0.39,3,0,1,110.1
0.62,7,3,1,110.1
0.3,1,0,2,110.1
0.43,2,3,2,110.2
0.4,1,3,1,110.2
0.4,1,3,2,110.2
0.4,1,3,1,110.2
0.64,6,5,1,110.2
0.4,1,3,1,110.2
0.4,1,3,2,110.2
0.4,1,3,1,110.2
0.4,1,3,1,110.2
0.4,1,3,1,110.2
0.57,2,6,2,112.9
0.57,4,5,1,112.9
0.57,4,5,2,112.9
0.36,3,1,1,112.9
0.4,2,3,3,112.9
0.34,2,0,1,112.9
0.54,4,5,1,112.9
0.51,1,6,2,112.9
0.45,2,3,1,112.9
0.34,3,0,1,112.9
0.34,2,1,1,112.9
0.4,3,1,2,113
0.4,2,2,1,113
0.41,1,3,1,113
0.41,1,3,1,113
0.41,1,3,1,113
0.41,1,3,1,113
0.41,1,3,1,113
0.41,1,3,1,113
0.41,1,3,1,113
0.41,1,3,2,113
0.41,1,3,1,113
0.41,1,2,1,113
0.41,1,3,1,113
0.41,1,3,2,113
0.41,2,1,1,115.4
0.38,1,0,1,115.4
0.38,1,0,1,115.4
0.41,2,1,2,115.4
0.41,2,1,2,115.4
0.41,3,0,2,115.4
0.41,2,1,1,115.4
0.41,0,2,1,115.4
0.41,0,2,2,115.4
0.32,1,0,1,115.5
0.32,1,0,0,115.5
0.42,0,3,2,115.5
0.54,3,5,2,115.5
0.54,3,4,2,115.5
0.61,6,4,1,115.5
0.41,2,3,1,115.5
0.5,1,6,2,115.6
0.5,1,6,2,115.6
0.5,1,6,2,115.6
0.51,2,5,1,115.6
0.35,3,0,0,115.6
0.45,5,1,1,115.6
0.4,1,1,2,115.6
0.4,1,1,2,115.6
0.4,1,1,2,115.6
0.4,0,2,2,117.1
0.3,0,0,2,117.1
0.3,0,0,2,117.1
0.3,0,0,2,117.1
0.5,4,4,1,117.1
0.51,1,5,3,117.2
0.51,3,4,2,117.2
0.51,1,5,2,117.2
0.51,1,5,2,117.2
0.51,3,4,2,117.2
0.52,2,5,2,117.2
0.45,3,2,1,117.2
0.52,4,5,1,117.2
0.47,5,1,1,117.2
0.47,3,3,2,117.2
0.4,2,3,1,117.3
0.37,4,0,1,117.3
0.53,1,5,2,117.3
0.33,1,0,1,117.3
0.51,4,5,1,117.3
0.38,1,0,1,117.3
0.47,3,2,2,117.4
0.35,3,0,1,117.4
0.35,3,0,1,117.4
0.44,1,1,2,117.4
0.31,0,0,0,119.3
0.6,6,3,2,119.3
0.42,3,1,2,119.3
0.42,2,2,1,119.3
0.42,3,1,2,119.3
0.42,3,1,2,119.3
0.42,3,1,2,119.3
0.5,5,3,2,119.4
0.53,2,4,2,119.4
0.5,1,5,1,119.4
0.44,1,2,1,119.4
0.53,2,5,2,119.4
0.5,3,4,2,119.4
0.4,0,3,2,119.4
0.43,1,3,1,119.4
0.42,0,3,1,119.4
0.52,1,5,2,119.4
0.35,0,1,1,119.5
0.35,0,1,1,119.5
0.51,4,4,2,119.5
0.51,4,4,1,119.5
0.51,3,5,1,119.5
0.51,0,6,1,119.5
0.55,4,4,2,119.5
0.41,1,2,1,119.5
0.33,1,0,2,121.5
0.56,2,6,1,121.5
0.6,2,6,2,121.5
0.4,0,2,2,121.5
0.4,2,1,2,121.5
0.4,2,1,1,121.5
0.4,0,2,1,121.5
0.4,3,0,2,121.5
0.4,0,2,2,121.5
0.52,0,6,2,121.5
0.4,2,1,2,121.5
0.4,2,1,0,121.5
0.4,2,1,1,121.5
0.4,2,1,1,121.5
0.4,2,1,1,121.5
0.65,6,4,1,121.5
0.4,2,1,2,121.5
0.4,2,1,2,121.5
0.4,0,2,1,121.5
0.43,1,3,1,121.5
0.44,0,3,1,121.6
0.41,5,0,0,121.6
0.4,1,3,2,121.6
0.4,3,1,1,121.6
0.4,3,1,1,121.6
0.42,2,1,1,123.7
0.38,2,1,1,123.7
0.62,6,3,3,123.7
0.38,2,1,0,123.7
0.42,0,3,1,123.8
0.54,1,6,2,123.8
0.4,0,2,2,123.8
0.4,2,1,1,123.9
0.4,2,1,1,123.9
0.4,2,1,1,123.9
0.47,0,3,1,123.9
0.44,2,1,1,123.9
0.56,3,5,2,123.9
0.4,1,2,0,123.9
0.61,2,5,2,123.9
0.41,1,2,2,123.9
0.54,0,6,1,123.9
0.5,6,1,2,123.9
0.6,5,4,1,123.9
0.57,1,6,2,124
0.58,3,5,1,124
0.49,2,3,2,124
0.43,2,1,2,124
0.61,5,3,3,124
0.5,0,5,2,124
0.41,2,1,1,126.9
0.4,1,2,1,126.9
0.45,3,1,1,127
0.45,2,2,1,127
0.45,3,1,0,127
0.45,2,2,1,127
0.33,0,0,2,127
0.38,1,1,1,127
0.38,1,1,1,127
0.37,1,1,0,127
0.46,2,3,1,127
0.39,2,1,0,127
0.71,7,4,2,127.1
0.52,1,5,2,127.1
0.58,1,5,2,127.1
0.58,1,5,2,127.1
0.53,1,5,1,127.2
0.35,2,0,1,127.2
0.37,3,0,1,127.2
0.41,1,1,0,127.2
0.51,3,4,2,127.3
0.51,3,4,2,127.3
0.39,1,1,1,127.3
0.47,2,2,2,127.3
0.56,2,5,2,127.3
0.51,4,3,2,130.2
0.6,6,3,1,130.2
0.72,7,4,2,130.3
0.52,0,5,2,130.3
0.5,1,5,2,130.3
0.41,2,0,1,130.3
0.5,1,5,1,130.3
0.42,1,1,1,130.3
0.39,2,0,0,130.4
0.61,1,6,3,130.4
0.61,3,5,1,130.4
0.58,0,5,2,130.4
0.43,3,0,1,130.4
0.43,2,1,2,130.4
0.43,2,1,1,130.4
0.43,2,1,1,130.4
0.5,4,4,2,130.4
0.4,0,1,2,130.4
0.4,1,0,2,130.4
0.4,1,0,2,130.4
0.4,0,1,2,130.4
0.4,0,1,1,130.4
0.4,0,1,1,130.4
0.4,0,1,1,130.4
0.5,0,5,2,130.5
0.4,1,1,1,133.4
0.4,1,1,1,133.4
0.4,1,1,1,133.4
0.5,4,3,2,133.4
0.7,4,6,2,133.4
0.47,2,3,0,133.4
0.44,2,1,1,133.4
0.5,6,0,3,133.4
0.39,1,0,0,133.5
0.49,1,4,1,133.5
0.53,0,5,2,133.5
0.6,6,2,2,133.5
0.6,5,4,2,133.5
0.47,0,4,1,133.6
0.54,1,5,2,133.6
0.7,7,3,2,133.6
0.54,1,5,2,133.6
0.43,2,1,0,133.6
0.43,2,1,1,133.6
0.71,6,4,3,133.6
0.64,4,5,3,133.6
0.56,3,5,1,133.6
0.56,3,5,1,133.6
0.56,3,5,1,133.6
0.5,2,5,1,133.6
0.5,5,2,1,136.6
0.6,4,4,2,136.7
0.38,1,0,0,136.7
0.5,6,1,2,136.7
0.41,1,1,0,136.7
0.53,3,4,1,136.7
0.42,3,0,1,136.7
0.42,3,0,1,136.7
0.43,4,1,1,136.8
0.61,1,6,1,136.8
0.4,2,3,2,136.8
0.5,2,3,2,136.8
0.6,3,5,1,136.8
0.6,3,5,2,136.8
0.6,3,6,1,136.8
0.6,3,6,1,136.8
0.6,3,6,1,136.8
0.6,3,6,1,136.8
0.45,1,3,1,136.8
0.51,4,4,1,136.8
0.5,0,5,2,136.8
0.5,2,4,2,136.8
0.51,3,3,3,136.9
0.4,0,2,1,136.9
0.44,2,0,1,136.9
0.47,1,2,2,140
0.54,2,4,1,140
0.7,6,5,2,140
0.7,7,3,2,140
0.54,2,4,2,140
0.7,6,5,2,140
0.7,6,5,1,140
0.7,5,6,2,140
0.7,6,5,2,140
0.7,6,5,2,140
0.7,6,5,2,140
0.7,6,5,2,140
0.7,6,5,2,140
0.7,6,5,1,140
0.7,6,5,2,140
0.7,5,6,2,140
0.42,1,1,1,140
0.42,1,1,1,140
0.7,7,5,1,140.1
0.6,5,4,1,140.1
0.42,0,2,1,140.1
0.38,2,0,1,140.1
0.4,0,2,1,140.1
0.42,1,1,1,140.2
0.53,3,4,1,140.2
0.73,7,3,1,143.4
0.41,2,0,1,143.4
0.48,0,4,1,143.4
0.43,1,3,1,143.4
0.43,1,1,1,143.4
0.5,4,2,1,143.4
0.5,3,3,2,143.4
0.5,1,4,2,143.4
0.41,0,2,1,143.5
0.43,0,2,0,143.5
0.58,1,5,2,143.5
0.58,1,5,1,143.5
0.58,1,5,2,143.5
0.64,1,6,2,143.5
0.5,2,3,2,143.6
0.73,5,6,3,143.6
0.73,6,5,2,143.6
0.7,7,4,1,143.6
0.45,4,0,1,143.6
0.51,0,5,2,143.6
0.7,6,3,3,143.6
0.72,6,6,1,143.6
0.5,1,3,3,143.6
0.72,6,6,1,143.6
0.72,6,6,1,143.6
0.58,3,4,2,147.1
0.43,0,2,1,147.1
0.72,6,6,1,147.1
0.5,2,4,2,147.2
0.5,2,4,2,147.2
0.5,2,4,2,147.2
0.52,0,5,1,147.2
0.5,2,3,2,147.2
0.5,2,3,2,147.2
0.5,0,4,2,147.2
0.41,2,0,1,147.2
0.41,2,0,1,147.2
0.41,2,0,1,147.2
0.4,1,1,1,147.3
0.43,1,0,1,147.3
0.44,2,1,1,147.3
0.72,5,6,2,147.3
0.71,6,4,2,147.3
0.51,1,4,2,147.3
0.73,6,5,2,147.3
0.74,7,4,0,147.3
0.52,1,4,2,147.4
0.42,0,1,1,147.5
0.42,1,0,1,147.5
0.42,0,1,2,147.5
0.6,1,5,3,150.7
0.75,7,3,2,150.7
0.42,1,0,1,150.7
0.5,1,4,2,150.8
0.5,1,4,2,150.8
0.5,1,4,2,150.8
0.5,1,4,2,150.8
0.56,4,3,1,150.8
0.5,4,1,2,150.8
0.5,2,4,2,150.8
0.52,0,4,2,150.8
0.5,0,4,2,150.8
0.5,2,3,1,150.8
0.54,2,4,1,150.8
0.7,6,5,2,150.8
0.63,2,5,3,150.8
0.7,5,6,2,150.8
0.54,2,4,2,150.8
0.45,2,0,0,150.8
0.54,2,4,1,150.8
0.54,2,4,2,150.8
0.45,2,0,0,150.8
0.7,5,6,1,150.8
0.54,2,4,1,150.8
0.7,5,5,2,150.8
0.5,2,3,2,155.3
0.42,0,1,0,155.3
0.42,0,1,1,155.3
0.5,1,4,2,155.3
0.75,7,4,1,155.3
0.43,0,1,1,155.4
0.51,0,3,3,155.4
0.7,4,6,2,155.4
0.7,5,5,2,155.4
0.7,3,6,2,155.4
0.71,2,6,2,155.5
0.71,2,6,3,155.5
0.73,5,6,2,155.5
0.65,5,3,1,155.5
0.55,1,5,0,155.5
0.4,0,1,2,155.6
0.4,0,1,1,155.6
0.5,1,3,2,155.6
0.5,1,3,2,155.6
0.5,1,3,2,155.6
0.6,0,5,1,155.6
0.65,2,5,2,155.6
0.52,2,4,0,155.6
0.5,1,3,2,155.6
0.52,2,4,1,155.6
0.59,1,5,1,159.1
0.59,3,4,1,159.1
0.55,1,4,2,159.1
0.62,1,5,2,159.1
0.56,2,4,1,159.2
0.71,4,6,2,159.2
0.7,6,4,2,159.2
0.7,6,4,2,159.2
0.57,2,4,3,159.2
0.57,2,4,1,159.2
0.57,2,4,1,159.2
0.57,2,4,1,159.2
0.57,2,4,1,159.2
0.53,1,4,2,159.2
0.51,4,1,2,159.2
0.5,2,3,3,159.3
0.5,2,3,2,159.3
0.7,4,5,2,159.4
0.5,1,4,1,159.4
0.48,4,0,0,159.4
0.7,4,6,2,159.4
0.7,4,6,2,159.4
0.7,4,6,2,159.4
0.7,4,6,2,159.4
0.7,4,6,2,159.4
0.62,2,5,2,162.6
0.54,0,4,2,162.6
0.7,5,6,1,162.7
0.72,2,6,1,162.7
0.8,6,6,3,162.7
0.5,2,3,1,162.7
0.5,2,3,1,162.7
0.5,1,3,2,162.8
0.51,2,3,1,162.8
0.51,2,3,1,162.8
0.5,1,3,2,162.8
0.47,1,2,1,162.8
0.71,6,3,3,162.9
0.52,5,0,1,162.9
0.52,3,2,1,162.9
0.52,3,2,2,162.9
0.52,3,2,2,162.9
0.62,3,4,1,162.9
0.62,1,5,2,162.9
0.56,2,4,1,162.9
0.64,1,5,1,163
0.7,6,3,1,163
0.63,2,5,2,163
0.7,4,5,3,163
0.5,0,2,3,163
0.57,1,4,1,166.8
0.38,0,0,1,166.8
0.46,0,2,2,166.8
0.72,6,5,2,167
0.72,5,5,2,167
0.61,2,5,1,167
0.78,3,6,3,167
0.56,0,4,2,167
0.55,5,1,1,167
0.5,3,3,2,167.1
0.5,3,3,2,167.1
0.7,3,6,2,167.1
0.66,2,5,2,167.1
0.7,3,6,2,167.1
0.7,4,5,3,167.1
0.72,6,3,1,167.2
0.7,4,6,2,167.2
0.7,4,6,2,167.2
0.7,5,5,3,167.2
0.7,5,5,2,167.2
0.62,3,5,1,167.2
0.56,0,4,1,167.3
0.41,0,0,1,167.3
0.52,0,4,0,167.3
0.7,3,6,2,167.4
0.56,5,2,2,170.9
0.61,3,4,1,170.9
0.57,0,4,1,171
0.7,2,6,2,171
0.78,6,5,1,171
0.52,0,3,1,171
0.59,2,5,1,171
0.56,4,3,1,171.1
0.56,4,3,1,171.1
0.56,4,3,1,171.1
0.51,1,3,1,171.1
0.5,1,4,0,171.2
0.49,3,1,1,171.2
0.76,2,6,2,171.2
0.71,7,2,2,171.2
0.58,1,4,1,171.3
0.62,0,5,1,171.3
0.56,2,4,1,171.3
0.5,2,2,2,171.5
0.71,6,4,1,171.5
0.53,3,2,2,171.5
0.75,6,5,0,171.5
0.71,5,5,1,171.5
0.71,5,5,1,171.5
0.71,4,6,2,171.5
0.71,3,6,2,175.1
0.62,3,5,1,175.2
0.62,3,5,1,175.2
0.71,6,3,1,175.2
0.51,0,4,1,175.2
0.7,2,6,2,175.2
0.52,1,3,1,175.2
0.58,2,4,3,175.3
0.74,4,6,1,175.3
0.51,0,4,2,175.3
0.54,2,4,0,175.4
0.5,2,3,2,175.4
0.5,1,3,2,175.4
0.55,2,3,1,175.6
0.5,0,3,2,175.6
0.5,0,3,2,175.6
0.72,4,5,1,175.6
0.58,0,5,1,175.6
0.71,4,6,2,175.6
0.71,5,5,1,175.6
0.52,5,0,1,175.7
0.47,0,1,2,175.7
0.59,1,4,2,175.7
0.72,1,6,3,175.7
0.72,1,6,3,175.7
0.73,2,6,2,179.8
0.64,4,3,2,179.8
0.82,5,6,1,179.8
0.8,7,1,1,179.8
0.5,0,4,2,179.8
0.7,2,6,3,179.9
0.5,0,3,1,179.9
0.5,1,2,2,179.9
0.49,3,1,1,179.9
0.7,0,6,3,179.9
0.7,6,1,1,180
0.6,1,5,1,180
0.52,0,3,2,180
0.75,4,6,1,180
0.71,2,5,1,180
0.7,5,5,1,180
0.7,5,5,1,180
0.71,4,5,2,180
0.78,5,6,2,180.1
0.72,7,1,1,180.1
0.72,4,6,2,180.1
0.69,1,3,3,180.1
0.55,3,2,1,180.1
0.53,2,3,1,180.1
0.53,2,3,1,180.1
0.5,2,3,0,184.1
0.7,7,0,2,184.1
0.7,3,6,1,184.1
0.76,3,6,1,184.2
0.75,7,1,1,184.2
0.83,6,4,2,184.3
0.54,3,2,1,184.3
0.71,2,6,1,184.3
0.8,6,6,1,184.3
0.7,5,5,2,184.4
0.7,5,5,2,184.4
0.7,4,6,2,184.4
0.7,5,5,2,184.4
0.5,1,2,2,184.4
0.5,1,2,2,184.4
0.63,2,4,2,184.4
0.53,0,3,3,184.5
0.53,0,3,1,184.5
0.53,0,3,1,184.5
0.6,3,3,2,184.5
0.7,4,5,1,184.5
0.52,5,0,0,184.5
0.52,5,0,0,184.5
0.51,1,3,2,184.5
0.5,1,2,1,184.5
0.91,7,5,1,188.1
0.7,0,6,3,188.1
0.5,1,1,3,188.1
0.77,6,3,2,188.1
0.53,3,1,0,188.1
0.53,3,1,0,188.1
0.52,1,3,1,188.1
0.52,1,3,2,188.1
0.71,4,5,1,188.1
0.6,3,3,3,188.1
0.6,3,3,1,188.1
0.7,1,6,2,188.2
0.72,2,6,0,188.2
0.71,6,0,2,188.2
0.75,1,6,2,188.2
0.7,4,5,1,188.3
0.7,4,5,1,188.3
0.7,4,5,1,188.3
0.7,4,5,1,188.3
0.7,4,5,1,188.3
0.53,4,0,1,200.1
0.54,3,0,1,200.1
0.54,3,0,1,200.1
0.58,4,0,1,200.1
0.56,2,2,1,200.1
0.72,4,5,1,200.1
0.51,3,2,1,200.1
0.74,1,6,2,200.2
0.77,7,0,1,200.2
0.76,6,4,2,200.2
0.5,0,2,2,200.2
0.5,1,1,2,200.2
0.5,1,1,2,200.2
0.5,1,1,2,200.2
0.5,0,2,3,200.2
0.5,0,2,2,200.2
0.5,1,1,2,200.2
0.5,1,1,2,200.2
0.53,1,2,1,200.2
0.53,1,2,1,200.2
0.74,5,3,2,200.3
0.51,1,2,3,200.3
0.71,2,6,1,200.3
0.52,1,2,2,200.4
0.81,4,6,2,200.4
0.53,1,2,1,207.9
0.71,2,6,3,208
0.83,6,3,2,208
0.73,5,3,2,208
0.73,4,5,2,208
0.72,4,4,1,208.1
0.6,2,3,1,208.1
0.9,7,5,2,208.1
0.71,2,6,1,208.1
0.72,4,5,1,208.1
0.71,5,4,1,208.2
0.7,2,5,2,208.2
0.5,1,1,2,208.2
0.52,1,1,0,208.2
0.52,1,1,2,208.2
0.72,2,6,1,208.2
0.5,0,2,2,208.3
0.71,3,5,1,208.3
0.9,7,4,2,208.3
0.54,3,2,0,208.3
0.7,0,6,1,208.3
0.55,4,1,1,208.3
0.7,6,1,2,208.3
0.62,2,3,1,208.3
0.62,2,3,2,208.3
0.6,3,2,2,211.7
0.7,4,2,3,211.7
0.75,2,6,2,211.7
0.7,2,6,2,211.7
0.8,2,6,2,211.7
0.73,3,5,1,211.8
0.73,5,3,2,211.8
0.73,5,3,2,211.8
0.72,3,6,0,211.8
0.5,1,2,2,211.8
0.71,3,5,1,211.8
0.71,3,5,1,211.8
0.71,3,5,1,211.8
0.71,5,3,1,211.8
0.71,5,3,1,211.8
0.71,5,3,2,211.8
0.71,2,6,1,211.8
0.53,1,2,2,211.9
0.53,1,2,1,211.9
0.53,1,2,1,211.9
0.53,1,2,1,211.9
0.53,1,2,2,211.9
0.71,2,5,1,211.9
0.71,2,5,2,211.9
0.71,2,5,2,211.9
0.51,2,1,1,215.6
0.5,1,1,2,215.6
0.73,4,4,2,215.6
0.5,0,2,1,215.6
0.5,0,2,1,215.6
0.5,0,2,2,215.6
0.5,0,2,1,215.6
0.5,0,2,2,215.6
0.55,2,4,1,215.6
0.5,2,0,2,215.6
0.5,1,1,1,215.6
0.7,3,4,2,215.6
0.6,3,3,1,215.6
0.52,3,0,1,215.7
0.71,2,5,2,215.7
0.71,2,5,3,215.7
0.73,2,6,1,215.7
0.72,0,6,2,215.7
0.6,1,3,1,215.7
0.62,2,3,1,215.8
0.8,6,3,1,215.8
0.73,1,5,2,215.8
0.54,1,2,1,215.9
0.54,2,1,1,215.9
0.54,1,2,1,215.9
0.72,2,5,1,219.7
0.9,7,5,1,219.7
0.5,2,1,1,219.8
0.58,2,3,0,219.9
0.58,2,3,1,219.9
0.51,0,2,1,219.9
0.51,0,2,2,219.9
0.55,1,2,1,219.9
0.51,0,2,2,219.9
0.51,1,1,1,219.9
0.51,0,2,2,219.9
0.5,1,2,1,219.9
0.51,2,0,1,219.9
0.6,1,4,1,219.9
0.53,1,2,1,219.9
0.53,1,0,1,220
0.81,5,5,1,220
0.7,5,3,1,220
0.73,2,6,1,220
0.6,3,2,0,220
0.74,4,4,2,220
0.58,1,1,2,220.1
0.7,1,6,2,220.1
0.6,1,3,1,220.1
0.71,0,5,2,220.2
0.91,7,3,2,223.2
0.55,2,2,1,223.2
0.71,1,6,1,223.3
0.71,1,6,1,223.3
0.7,3,4,2,223.3
0.77,3,6,2,223.3
0.7,1,5,1,223.3
0.73,2,5,2,223.3
0.7,5,3,1,223.4
0.7,3,5,0,223.4
0.71,1,5,2,223.4
0.71,1,5,1,223.4
0.7,3,5,1,223.4
0.7,5,3,1,223.4
0.52,2,1,2,223.4
0.52,2,1,2,223.4
0.77,1,6,0,223.4
0.7,4,4,2,223.4
0.7,1,4,3,223.4
0.7,2,5,1,223.4
0.7,4,4,2,223.4
0.7,2,5,2,223.4
0.7,3,5,2,223.4
0.57,2,1,1,223.5
0.75,2,5,2,223.6
0.54,1,2,1,227.2
0.81,5,4,2,227.2
0.54,2,1,1,227.2
0.81,4,5,2,227.2
0.64,4,2,0,227.3
0.7,4,2,2,227.3
0.72,2,5,2,227.3
0.7,0,6,1,227.3
0.72,2,5,1,227.3
0.61,0,3,2,227.3
0.77,5,3,2,227.4
0.8,4,5,2,227.4
0.51,2,1,0,227.4
0.71,1,5,1,227.4
0.71,1,5,2,227.4
0.72,1,6,1,227.4
0.73,5,3,1,227.5
0.52,1,1,1,227.5
0.83,2,6,2,227.6
0.71,4,4,1,227.6
0.81,6,3,1,227.6
0.7,2,5,2,227.6
0.78,5,4,2,227.6
0.9,6,6,2,227.7
0.72,1,6,2,227.7
0.81,4,5,2,231.3
0.71,0,5,2,231.4
0.71,0,5,2,231.4
0.51,0,2,1,231.4
0.51,2,0,1,231.4
0.55,1,2,0,231.4
0.55,2,1,1,231.4
0.51,1,1,1,231.4
0.55,2,1,1,231.4
0.72,0,6,2,231.4
0.72,2,5,3,231.4
0.61,3,1,1,231.5
0.5,1,1,2,231.5
0.94,7,4,2,231.6
0.94,7,4,1,231.6
0.73,2,5,1,231.6
0.73,2,5,2,231.6
0.73,0,6,2,231.6
0.5,1,1,1,231.7
0.5,0,2,2,231.7
0.5,1,1,1,231.7
0.72,4,2,2,231.7
0.72,1,6,1,231.7
0.5,0,2,2,231.7
0.5,0,2,1,231.7
0.72,1,6,1,235.9
0.72,1,6,1,235.9
0.77,0,6,2,235.9
0.77,3,5,2,235.9
0.7,3,3,1,235.9
0.61,2,2,1,235.9
0.7,4,3,1,235.9
0.74,1,6,0,235.9
0.52,0,2,1,236
0.52,2,0,1,236
0.73,3,4,1,236.1
0.8,4,6,1,236.1
0.8,4,6,1,236.1
0.81,5,4,1,236.1
0.71,3,4,1,236.2
0.8,5,4,0,236.2
0.72,2,5,2,236.2
0.62,0,3,1,236.2
0.74,4,4,1,236.2
0.54,1,2,1,236.3
0.65,1,3,1,236.4
0.8,4,5,1,236.4
0.8,2,6,1,236.4
0.72,4,3,0,236.4
0.7,4,4,2,236.5
0.81,6,5,1,240.6
0.9,6,6,2,240.6
0.54,1,2,3,240.6
0.63,3,2,0,240.7
0.71,1,4,2,240.7
0.57,1,2,1,240.7
0.71,3,3,1,240.7
0.91,6,5,2,240.7
0.53,3,0,1,240.8
0.72,1,5,2,240.8
0.7,3,3,2,240.9
0.7,3,3,1,240.9
0.7,3,3,1,240.9
0.7,3,3,1,240.9
0.56,0,2,0,240.9
0.56,1,1,1,240.9
0.5,1,1,1,240.9
0.71,0,6,2,240.9
0.6,4,0,1,240.9
0.86,6,3,1,240.9
0.73,2,5,2,240.9
0.83,1,6,2,240.9
0.51,3,0,1,241
0.51,3,0,1,241
0.6,2,2,2,241
0.7,1,3,2,245.8
0.7,1,3,3,245.8
0.7,1,5,1,245.8
0.73,3,5,1,245.8
0.93,7,4,1,245.8
0.79,1,6,1,245.9
0.56,2,0,1,245.9
0.61,3,1,1,245.9
0.61,3,1,1,245.9
0.72,3,4,1,245.9
0.58,2,1,1,245.9
0.58,3,0,1,246
0.71,4,2,1,246
0.71,5,0,3,246
0.73,5,0,1,246
0.71,1,5,2,246
0.7,2,4,2,246.1
0.7,3,4,2,246.1
0.72,1,5,1,246.2
0.78,2,5,2,246.2
0.78,2,5,2,246.2
0.7,0,5,2,246.3
0.67,4,2,1,246.4
0.61,1,2,1,246.4
0.61,1,2,0,246.4
0.71,1,5,2,251.5
0.8,5,4,1,251.6
0.57,0,2,1,251.6
0.57,1,1,1,251.6
0.57,0,2,0,251.6
0.72,1,6,1,251.6
0.7,4,2,1,251.6
0.5,0,1,1,251.6
0.9,6,3,2,251.7
0.52,0,3,2,251.7
0.72,3,4,1,251.7
0.7,1,5,0,251.8
0.7,1,5,2,251.8
0.7,1,5,1,251.8
0.7,1,5,1,251.8
0.7,3,3,3,251.8
0.71,2,5,2,251.9
0.71,0,5,1,251.9
0.9,5,6,2,252
0.9,5,6,2,252
0.7,2,4,2,252
0.72,1,4,2,252
0.72,5,2,1,252
0.75,5,2,1,252
0.9,6,5,1,252
0.8,4,4,1,257.5
0.78,3,5,1,257.6
0.79,1,6,1,257.6
0.8,1,6,2,257.6
0.75,4,4,0,257.6
0.71,1,5,2,257.7
0.71,1,5,1,257.7
0.71,1,5,2,257.7
0.71,2,6,1,257.7
0.74,2,5,1,257.9
0.74,2,5,1,257.9
0.7,2,4,2,257.9
0.7,2,4,2,257.9
0.7,1,4,2,258
0.8,3,5,2,258
0.62,3,1,0,258
0.66,4,0,1,258
0.74,0,5,1,258
0.71,1,5,1,258
0.77,0,6,2,258.1
0.8,3,5,1,258.1
0.51,3,0,1,258.1
0.75,3,4,2,258.2
0.91,4,6,3,258.3
0.72,4,3,2,258.3
0.9,6,3,3,263.8
0.56,1,0,1,263.9
0.7,3,3,1,263.9
0.71,5,0,0,263.9
0.9,4,6,2,263.9
0.84,2,5,2,264
0.8,4,4,1,264
0.75,1,5,2,264
0.7,4,2,2,264.1
0.58,1,1,1,264.1
0.58,0,2,1,264.1
0.7,1,4,2,264.2
0.7,1,4,2,264.2
0.6,2,2,1,264.2
0.9,0,6,3,264.2
0.91,5,4,2,264.3
0.71,2,4,1,264.3
0.71,2,4,1,264.3
0.54,1,0,1,264.3
0.78,3,3,2,264.4
0.7,1,3,2,264.5
0.75,0,5,1,264.5
0.75,0,5,1,264.5
0.6,3,1,1,264.5
0.76,4,4,1,264.5
0.81,0,6,2,271.5
0.7,3,2,2,271.5
0.74,5,1,1,271.5
0.71,0,4,2,271.6
0.71,0,4,1,271.6
0.92,5,6,1,271.6
0.92,5,6,2,271.6
0.78,2,4,2,271.7
0.63,1,2,1,271.7
0.72,2,4,1,271.7
0.57,1,0,1,271.7
0.57,1,0,0,271.7
0.83,3,5,1,271.8
0.82,5,4,1,271.8
0.58,0,2,2,271.8
0.74,2,5,1,271.8
0.77,2,5,1,271.9
0.7,1,4,2,272
0.67,3,1,1,272
0.86,1,6,2,272
0.86,1,6,1,272
0.94,7,3,1,272
0.63,1,2,0,272.1
0.51,0,1,1,272.1
0.74,4,3,1,272.1
0.86,6,2,1,279
0.61,1,2,2,279.1
0.61,1,2,1,279.1
0.7,1,4,0,279.1
0.6,1,1,0,279.2
0.72,2,4,1,279.2
0.71,3,1,1,279.2
0.7,1,4,2,279.2
0.91,4,6,2,279.3
0.77,4,4,1,279.3
0.78,1,5,2,279.6
0.73,0,5,2,279.6
0.91,2,6,2,279.6
0.9,5,6,3,279.6
0.7,2,4,2,279.6
1.02,7,6,2,279.7
0.65,4,0,1,279.7
0.9,3,5,3,279.7
0.72,1,4,1,279.7
0.73,0,5,1,279.8
0.62,1,2,1,279.8
1.01,7,5,2,280
0.78,2,4,1,280
0.7,2,2,2,280
0.74,2,3,2,280.1
0.8,3,4,2,286.9
1.01,7,4,2,287
0.72,1,4,1,287
0.72,1,4,1,287
0.8,4,4,1,287.1
0.9,6,4,2,287.1
0.7,3,1,2,287.1
0.58,2,0,1,287.1
1,7,6,1,287.2
0.72,4,1,2,287.3
0.9,5,6,2,287.3
0.94,6,5,2,287.3
0.91,6,3,2,287.3
0.85,6,1,1,287.3
0.91,4,5,3,287.4
0.7,4,2,1,287.4
0.93,6,6,1,287.5
0.75,2,5,0,287.5
0.7,2,3,1,287.5
0.71,1,4,1,287.6
0.71,0,4,1,287.7
0.9,3,6,3,287.7
0.81,5,2,1,287.7
0.8,2,5,2,287.8
0.9,1,6,3,287.8
0.94,5,6,1,294.8
0.84,0,5,2,294.8
0.9,6,4,2,294.8
0.73,0,4,2,294.9
0.6,1,2,0,294.9
0.7,1,3,2,294.9
1.04,7,6,1,295.1
0.77,5,1,1,295.1
0.58,1,1,0,295.1
0.62,2,0,1,295.1
0.96,4,6,3,295.2
1.04,6,6,3,295.2
0.9,5,5,2,295.2
0.72,1,4,0,295.2
0.76,1,4,2,295.3
0.74,1,4,1,295.3
0.9,4,6,2,295.3
0.7,0,3,2,295.3
0.9,2,6,3,295.4
0.9,3,6,2,295.5
0.78,3,4,2,295.5
0.9,5,4,2,295.5
0.61,0,2,0,295.6
0.7,1,3,2,295.6
1,5,6,3,295.6
0.81,3,4,2,299.4
0.96,5,6,2,299.4
1.09,7,6,1,299.5
0.83,5,2,0,299.5
0.99,6,5,3,299.5
0.71,0,3,1,299.5
0.71,0,3,2,299.5
0.7,1,3,1,299.6
1.01,6,6,2,299.7
1.01,7,6,1,299.7
0.7,3,1,1,299.8
0.67,1,1,1,300
1.01,7,6,2,300
1.08,7,6,2,300.1
0.91,2,6,1,300.1
0.7,2,2,1,300.2
0.7,1,3,2,300.2
1.05,7,5,1,300.3
1.05,7,5,2,300.3
1.05,7,5,2,300.3
0.7,2,3,1,300.3
0.67,2,1,1,300.3
1.01,7,5,2,300.5
1.01,7,5,2,300.5
0.72,0,4,1,300.5
0.96,4,6,2,300.5
0.94,1,6,3,300.6
0.64,1,0,1,300.6
0.64,1,0,1,300.6
0.7,1,3,2,300.6
1.01,7,4,1,300.6
0.72,2,3,2,300.6
0.71,1,4,2,300.7
0.71,3,1,1,300.7
0.77,1,5,2,300.7
0.71,4,1,1,300.7
0.9,4,6,1,300.7
0.81,4,2,2,300.7
0.76,4,1,1,316.1
0.57,1,1,1,316.1
1,5,6,1,316.1
1.01,6,6,2,316.2
0.67,1,1,0,316.2
0.67,1,1,1,316.2
0.9,5,4,1,316.2
0.71,3,2,2,316.3
0.9,4,6,2,316.4
0.9,4,6,2,316.4
0.65,0,2,1,316.4
0.9,4,5,2,316.4
0.94,1,6,2,316.4
0.8,5,2,1,316.5
0.72,0,4,1,316.5
0.91,1,6,2,316.5
0.73,4,1,1,316.5
0.9,5,5,1,316.6
0.54,0,0,1,316.6
0.81,1,5,1,316.7
0.71,3,1,1,316.7
0.72,2,2,3,316.8
0.75,0,4,3,316.8
0.9,7,4,3,316.8
0.8,2,5,1,316.8
0.76,4,1,1,316.1
0.57,1,1,1,316.1
1,5,6,1,316.1
1.01,6,6,2,316.2
0.67,1,1,0,316.2
0.67,1,1,1,316.2
0.9,5,4,1,316.2
0.71,3,2,2,316.3
0.9,4,6,2,316.4
0.9,4,6,2,316.4
0.65,0,2,1,316.4
0.9,4,5,2,316.4
0.94,1,6,2,316.4
0.8,5,2,1,316.5
0.72,0,4,1,316.5
0.91,1,6,2,316.5
0.73,4,1,1,316.5
0.9,5,5,1,316.6
0.54,0,0,1,316.6
0.81,1,5,1,316.7
0.71,3,1,1,316.7
0.72,2,2,3,316.8
0.75,0,4,3,316.8
0.9,7,4,3,316.8
0.8,2,5,1,316.8
0.58,1,1,0,333.4
0.71,1,2,0,333.5
0.91,5,3,2,333.6
0.76,0,5,1,333.7
0.71,1,2,2,333.7
0.74,4,3,2,333.7
0.7,1,1,2,333.7
0.91,5,5,1,333.8
0.77,3,2,1,333.9
0.71,1,5,1,333.9
0.71,2,2,2,333.9
0.99,5,5,2,333.9
1.01,7,4,2,333.9
0.74,0,4,1,334.1
1,6,5,3,334.1
0.81,2,4,1,334.1
0.9,3,6,2,334.1
0.9,6,1,2,334.1
0.9,3,6,0,334.1
0.78,2,3,1,334.2
0.54,0,0,2,334.2
0.73,2,2,1,334.4
0.92,5,4,2,334.4
0.92,5,4,2,334.4
0.7,3,0,2,334.4
1.02,7,5,2,342.7
0.7,1,2,1,342.9
0.77,0,4,1,343
0.72,2,2,0,343.1
0.75,3,2,1,343.1
0.75,3,2,1,343.1
0.93,5,5,2,343.1
0.76,1,3,1,343.1
1,6,6,2,343.1
1.04,7,5,2,343.2
0.8,4,1,1,343.2
1.06,6,5,1,343.3
0.73,2,2,1,343.3
0.75,1,3,2,343.4
0.73,1,3,1,343.4
1.02,7,4,1,343.5
0.9,4,5,2,343.7
1.24,7,6,2,343.7
0.72,2,1,2,343.7
0.72,2,1,0,343.7
0.93,5,3,2,343.7
0.62,0,1,1,343.7
0.9,4,5,1,343.8
1.01,6,6,2,344
1.01,6,6,1,344
0.9,5,2,3,351.9
0.9,5,2,3,351.9
0.8,1,4,2,352
0.9,1,6,2,352.1
1.04,6,5,2,352.1
0.92,1,5,2,352.2
0.66,1,0,1,352.3
0.7,1,2,2,352.3
1.01,4,6,3,352.3
0.91,4,5,1,352.4
0.92,2,6,2,352.4
0.83,4,2,0,352.4
0.72,1,2,1,352.5
0.72,3,0,1,352.5
1.01,7,4,0,352.5
0.71,1,2,2,352.5
0.55,0,0,1,352.7
0.71,0,4,1,352.7
0.9,6,1,2,352.8
0.9,4,5,2,352.8
0.9,4,5,2,352.8
0.91,4,5,1,352.9
0.92,3,6,2,352.9
0.9,4,5,1,352.9
0.9,1,6,2,352.9
0.64,1,1,0,360
1.12,7,4,1,360
0.9,0,6,1,360
0.96,4,5,2,360.1
1.06,7,6,1,360.1
1.06,6,6,2,360.1
1.01,6,5,2,360.2
0.9,4,4,1,360.4
0.91,5,3,2,360.4
0.9,4,4,3,360.4
0.65,0,1,1,360.4
0.9,4,3,2,360.4
0.9,4,3,2,360.4
0.9,4,3,2,360.4
0.9,4,4,3,360.4
0.9,4,4,3,360.4
0.9,4,4,2,360.4
0.9,4,4,2,360.4
0.9,4,4,2,360.4
1.17,6,6,2,360.4
0.9,2,5,1,360.4
0.9,6,0,2,360.4
0.78,2,3,1,360.5
0.9,2,6,2,360.5
0.9,2,6,1,360.5
0.9,0,6,3,367.5
0.76,1,3,0,367.5
0.62,0,1,0,367.6
0.62,0,1,1,367.6
1.01,5,6,2,367.6
0.91,4,4,2,367.7
0.91,4,4,2,367.7
1.01,6,4,2,367.7
0.76,1,5,2,367.8
1,5,6,3,367.9
1.01,6,5,2,368
1.01,6,5,0,368
1,7,3,1,368
0.71,2,1,0,368
1,3,6,3,368
1.17,6,6,1,368.1
1.02,6,6,1,368.1
1.03,5,6,1,368.1
0.74,2,1,1,368.2
0.9,0,5,3,368.3
0.9,0,5,2,368.3
0.9,0,5,2,368.3
0.9,0,5,2,368.3
0.9,0,5,2,368.3
0.7,1,2,1,368.3
1.04,7,4,1,375.1
1,6,4,2,375.2
0.9,5,3,2,375.2
1.23,7,4,2,375.2
0.9,1,6,2,375.2
0.9,1,6,2,375.2
0.9,1,6,2,375.2
0.9,1,6,2,375.2
0.9,1,6,1,375.2
1.03,6,5,2,375.2
0.9,3,5,1,375.3
0.7,1,0,1,375.4
1.06,6,5,0,375.5
1,3,6,1,375.5
1.01,4,6,2,375.6
0.7,1,1,0,375.6
0.7,0,3,1,375.6
1.04,6,6,2,375.6
1.01,7,2,2,375.7
0.69,1,1,2,375.7
0.73,2,1,1,375.7
0.73,2,1,1,375.7
0.73,2,1,0,375.7
0.56,1,0,1,375.8
1.01,4,6,3,375.8
1.01,3,6,3,382.7
1.01,6,5,2,382.7
0.91,2,5,1,382.8
0.59,0,0,2,382.8
1,1,6,2,382.8
1,1,6,3,382.8
1.05,4,6,2,382.9
1.05,4,6,2,382.9
0.91,3,5,2,382.9
0.91,3,5,2,382.9
1.05,5,6,1,382.9
1.03,5,5,2,383
0.95,2,6,1,383
0.83,1,4,1,383
0.7,1,2,0,383
0.9,3,5,2,383
1.08,6,6,1,383.1
0.91,4,5,2,383.2
1.01,4,5,1,383.2
1.01,4,5,3,383.2
1.01,5,6,2,383.3
1.01,5,6,2,383.3
1.01,5,6,2,383.3
1.01,5,6,2,383.3
1.01,5,5,1,383.3
1.01,5,6,0,390.3
1.01,5,6,1,390.3
1.01,5,6,2,390.3
0.91,4,3,2,390.3
1.03,3,6,2,390.3
1.03,6,3,3,390.3
0.91,4,4,2,390.4
0.91,2,4,3,390.4
0.83,1,3,2,390.4
1,5,5,2,390.5
0.9,5,2,2,390.5
0.9,0,5,2,390.5
0.8,1,3,2,390.7
0.82,4,1,1,390.7
1.18,6,6,2,390.7
1.2,6,6,1,390.7
0.74,1,3,1,390.8
1.12,7,4,1,390.9
1.03,6,5,2,390.9
1.03,6,5,1,390.9
1.03,6,5,1,390.9
1.03,6,5,1,390.9
1.03,6,5,2,390.9
1.03,6,5,3,390.9
1.03,5,6,1,390.9
1.09,4,6,2,397.5
1.09,4,6,2,397.5
1.09,4,6,1,397.5
0.9,3,4,2,397.5
0.91,4,3,2,397.5
0.91,4,4,2,397.5
0.91,4,4,2,397.5
1.02,1,6,2,397.6
0.9,4,4,2,397.6
1.01,4,6,2,397.6
1.37,7,6,1,397.7
1.01,7,3,2,397.7
0.76,1,2,2,397.8
0.95,2,5,2,397.9
0.9,3,5,1,398
1.03,6,5,1,398
1.03,6,5,1,398
1.03,5,6,2,398
0.8,4,1,2,398
0.84,3,2,1,398
0.74,1,1,1,398
0.9,3,4,2,398.1
0.94,5,2,2,398.1
1.16,6,4,2,398.1
1.03,6,5,1,398.1
1.01,4,6,2,399.3
0.91,5,2,1,399.4
1.23,7,4,2,399.4
1.01,5,5,2,399.5
0.7,1,1,1,399.5
0.91,2,6,1,399.5
1.06,6,3,2,399.6
1.05,3,6,1,399.7
1.03,5,6,1,399.7
0.95,3,5,2,399.7
1.03,2,6,2,399.7
1.21,7,5,2,399.8
0.7,0,2,1,399.8
0.7,0,2,1,399.8
1.02,5,6,1,399.8
1.04,5,6,2,399.9
1.01,2,6,2,400
1.01,6,4,2,400
1.01,7,3,1,400
1.01,6,4,1,400
1.01,6,4,2,400
1.01,7,2,2,400
1.01,6,4,1,400
1.01,5,5,2,400
0.72,1,1,1,400.1
1.09,6,5,2,400.1
1.17,7,5,1,400.1
1.05,5,6,2,400.1
1.04,3,6,1,400.2
0.96,1,6,2,400.2
1.13,5,6,2,400.2
1.09,7,2,2,400.3
1.11,6,5,1,400.3
0.8,4,0,1,400.3
0.8,3,1,0,400.3
1,5,5,3,400.4
1,5,5,1,400.4
1,5,5,3,400.4
1,5,5,1,400.4
1,5,5,3,400.4
0.91,1,5,2,400.6
0.97,4,5,1,400.7
1.01,5,6,2,400.7
1.01,5,6,2,400.7
1.01,5,6,2,400.7
1.01,6,5,0,400.7
1.01,5,6,2,400.7
1.01,5,6,2,400.7
0.92,2,5,1,400.8
0.9,1,5,2,406.7
1.03,5,5,1,406.7
1.02,3,6,1,406.7
1.01,4,6,1,406.8
1.21,5,6,2,406.9
1,4,6,2,407
1.01,5,5,1,407.1
1.01,4,6,1,407.2
1.01,5,5,2,407.2
1.01,5,5,2,407.2
1.01,3,6,2,407.2
1.01,7,3,1,407.2
0.91,4,3,2,407.3
0.91,3,5,1,407.3
1.2,7,4,2,407.4
1.03,4,5,2,407.4
1,6,4,2,407.4
1,2,6,2,407.6
1.02,5,6,1,407.6
1,5,5,2,407.7
1,5,5,2,407.7
1,5,5,3,407.7
1.01,6,3,2,407.7
1.01,3,6,2,407.7
1.01,3,6,3,407.7
0.9,0,5,2,413.5
1,4,5,2,413.5
1.11,5,6,2,413.6
1.13,5,6,0,413.6
1.01,4,6,1,413.6
0.76,3,0,1,413.6
1.09,2,6,2,413.7
1.1,5,6,1,413.7
1.09,6,5,3,413.7
0.9,4,3,1,413.7
0.9,4,3,1,413.7
0.91,1,5,1,413.7
0.66,0,1,1,413.8
1.04,4,5,2,413.8
0.91,1,5,2,413.8
0.57,0,0,1,413.9
0.77,2,2,1,413.9
1.03,5,6,1,413.9
1.02,4,6,0,413.9
1.12,6,4,2,414
1.1,6,4,1,414
1,6,4,2,414
1.01,5,6,2,414
1.01,6,5,3,414
1.01,3,5,2,414
0.72,0,1,1,420.4
0.91,4,3,1,420.4
1.05,4,6,2,420.4
0.91,2,4,2,420.4
0.91,2,4,2,420.4
0.81,3,1,1,420.5
0.81,3,1,0,420.5
1.06,1,6,3,420.5
0.8,0,3,2,420.5
1,3,6,2,420.6
1.06,6,5,1,420.6
1.11,6,3,2,420.6
1.11,3,6,2,420.6
1.11,3,6,2,420.6
1.08,4,6,2,420.7
1.26,5,6,1,420.7
0.9,3,4,2,420.8
1,4,6,3,420.8
1.06,7,3,1,420.8
1.07,6,5,1,420.8
0.9,2,5,1,420.8
1.04,3,6,1,421
0.92,4,4,1,421
1.01,4,6,0,421.1
1.01,4,6,2,421.1
0.93,0,5,2,427.3
0.59,0,0,1,427.3
1,3,6,2,427.3
1.04,3,6,2,427.3
1.05,6,4,2,427.3
1.14,6,6,2,427.5
0.75,0,3,0,427.5
1,4,5,2,427.5
1.07,5,5,2,427.5
0.9,2,5,1,427.5
0.9,2,5,1,427.5
1.15,7,1,2,427.6
1.06,5,5,2,427.6
0.92,3,4,2,427.6
1.08,7,2,2,427.7
0.9,2,4,2,427.7
1.08,6,4,2,427.7
1.01,5,5,1,427.7
1.01,4,3,3,427.7
1.01,5,4,3,427.7
1.01,5,4,2,427.7
1.01,5,4,3,427.7
1.01,3,6,2,427.7
0.79,2,2,1,427.8
1.07,4,6,1,427.8
0.93,0,6,1,433.8
0.81,2,2,1,433.8
1.06,4,6,1,433.8
1,4,5,3,433.8
1.01,2,6,2,433.8
1.04,4,6,2,433.9
0.8,1,3,1,433.9
0.8,1,3,1,433.9
1.07,4,6,2,433.9
0.76,0,2,1,434.1
0.8,2,2,1,434.1
0.8,2,1,2,434.1
0.72,1,0,1,434.1
1.08,6,5,1,434.2
1.07,4,6,1,434.2
0.97,3,5,2,434.2
0.94,2,4,2,434.3
1.16,6,5,2,434.4
1.16,5,6,2,434.4
1.03,3,6,1,434.4
1.01,2,6,2,434.4
1,4,5,2,434.5
1.07,6,5,1,434.5
0.7,1,0,1,434.6
1.14,5,6,0,434.6
0.7,0,1,2,441.3
1.22,7,5,0,441.5
1.08,4,6,2,441.5
0.91,5,0,1,441.5
1.05,3,6,1,441.5
1.05,3,6,2,441.6
1,6,4,2,441.6
0.96,3,5,1,441.6
1.01,3,6,2,441.6
1.01,6,3,2,441.6
1.01,6,3,2,441.6
1.01,6,3,2,441.6
1.01,3,6,2,441.6
1.01,3,6,1,441.6
1.01,3,6,3,441.6
1,2,6,1,441.6
1,5,4,2,441.6
1,4,5,2,441.7
1,4,5,2,441.7
1.01,2,6,1,441.7
1.01,2,6,1,441.7
1.23,6,6,2,441.8
1.35,7,6,2,441.8
1.05,4,6,1,441.8
1,1,5,2,441.9
1.08,5,5,2,448.2
1.01,5,5,2,448.2
1.06,4,6,2,448.2
0.82,0,3,1,448.2
0.77,1,2,1,448.3
1.15,7,3,2,448.3
0.74,0,2,1,448.4
0.92,5,0,1,448.4
1.01,7,0,2,448.4
1.03,3,6,0,448.4
1.03,3,6,1,448.4
1.12,5,5,2,448.4
1.1,5,5,2,448.4
0.9,1,4,2,448.5
1.11,5,5,2,448.5
1.23,6,5,2,448.5
0.9,4,3,2,448.6
1.03,4,6,1,448.6
1.03,3,6,1,448.6
1.03,3,6,2,448.6
1.03,5,4,2,448.7
1.03,2,6,1,448.7
1.02,4,6,1,448.7
1.06,5,5,2,448.7
1.07,5,5,1,448.7
0.8,2,2,0,455
1.25,6,6,1,455
0.83,2,2,1,455.1
0.83,2,2,1,455.1
1.04,2,6,2,455.1
1.01,4,5,2,455.2
0.9,1,5,1,455.2
0.9,1,5,2,455.2
0.9,1,5,1,455.2
1.06,3,6,1,455.2
0.96,4,4,2,455.3
0.71,0,2,1,455.3
0.9,1,4,2,455.3
0.9,1,4,2,455.3
0.9,1,4,2,455.3
1.01,3,6,1,455.3
0.9,2,5,1,455.4
1,2,6,3,455.4
1.25,5,6,2,455.4
1.2,6,5,1,455.4
1.2,6,5,1,455.4
1,6,2,1,455.4
1,6,2,1,455.4
1.02,4,5,2,455.5
1.02,4,5,2,455.5
1.03,3,6,1,462.4
1.04,5,5,1,462.4
0.91,3,2,2,462.5
0.91,2,4,1,462.5
0.91,0,4,3,462.5
0.9,2,3,2,462.5
1.01,4,5,1,462.5
1,5,3,3,462.6
1.01,1,6,2,462.7
1.27,5,6,2,462.7
0.9,2,4,1,462.7
0.81,0,4,1,462.8
1.11,4,6,1,462.8
1.11,4,6,2,462.8
1.01,5,5,2,462.8
1.1,4,6,2,462.8
1,1,6,2,462.8
1.01,4,5,2,462.8
1.11,4,6,1,462.8
0.9,1,5,1,462.9
0.75,1,0,1,462.9
1.07,2,6,1,462.9
0.74,2,0,0,462.9
0.91,0,5,2,463
1,3,5,2,463
1.21,6,5,1,469.5
1.06,1,6,1,469.6
1.2,6,4,2,469.6
1.06,3,6,0,469.7
1,3,5,1,469.7
1,3,5,2,469.7
1,3,5,3,469.7
1,3,5,2,469.7
1.01,1,5,2,469.8
1.07,3,6,0,469.8
1,1,6,2,469.8
1,4,5,1,469.8
1,4,5,2,469.8
1.38,6,6,2,470
1.09,3,6,1,470
1.01,4,6,1,470
1.22,6,6,2,470
1,0,5,3,470.1
1.01,3,5,1,470.1
1.01,4,5,0,470.1
1.06,4,6,1,470.1
1.06,6,2,0,470.1
1.02,5,5,0,470.2
0.9,2,4,1,470.2
1.09,4,6,2,470.3
0.8,0,2,1,478.6
1.04,4,6,1,478.6
0.85,1,3,1,478.6
1.01,3,5,2,478.7
1,0,6,2,478.7
1.1,4,5,3,478.8
1.01,1,6,2,478.9
1.01,4,5,1,478.9
0.74,1,0,1,478.9
1,5,3,0,478.9
1.01,4,5,1,479
1.23,5,6,1,479
1.07,2,6,2,479
1.02,0,6,2,479.1
1.02,3,5,3,479.1
1.06,0,6,2,479.1
1.17,4,6,0,479.2
1.1,4,6,1,479.2
1.21,7,3,2,479.2
1.02,1,6,2,479.2
1.23,5,6,2,479.2
1.23,6,5,3,479.2
0.7,0,1,1,479.2
1.01,5,5,1,479.2
0.9,2,4,2,479.2
1.25,6,6,2,486.5
1.04,1,6,1,486.5
1.07,4,5,2,486.6
1.07,4,5,3,486.6
0.8,2,1,0,486.6
1.2,2,6,1,486.7
0.91,1,4,1,486.7
0.97,4,3,3,486.7
1.11,4,5,2,486.7
1,0,6,2,486.8
1,3,5,2,486.8
1.09,4,5,1,486.8
0.75,0,2,1,486.8
1.28,6,6,2,486.9
1.3,6,5,2,486.9
1.1,4,6,1,487
1.35,7,4,1,487.1
1.23,6,4,1,487.1
1.23,6,5,1,487.1
1,4,5,1,487.1
1.05,2,6,1,487.2
1,4,5,1,487.2
1,4,5,2,487.2
1.13,6,3,2,487.4
0.92,2,4,1,487.4
0.91,4,2,1,494.4
1.02,4,5,1,494.6
1.02,4,5,1,494.6
1.12,7,3,1,494.6
1.12,5,5,1,494.6
1.1,2,6,2,494.6
1.28,7,4,1,494.9
1,3,5,1,495
0.9,0,4,2,495
1.25,6,4,2,495
1.25,7,3,1,495
1.04,5,3,1,495
1,1,5,1,495
1,1,5,2,495
1.01,1,6,2,495
1.03,3,5,1,495.1
1.23,5,6,0,495.2
1.27,6,4,1,495.2
0.84,1,3,1,495.2
1.1,5,5,1,495.2
1.14,4,5,3,495.2
1.06,5,3,1,495.3
1.04,4,5,2,495.5
1.12,4,6,1,495.5
0.91,0,4,2,495.5
1,4,4,2,499
1.13,4,6,0,499
1.12,7,2,1,499
1.01,0,6,2,499
1.01,3,5,2,499
1.11,1,6,2,499.1
1.07,6,3,2,499.1
1.51,7,6,1,499.1
1.03,5,3,1,499.2
1.08,5,5,1,499.4
1.2,5,6,1,499.4
1.26,3,6,3,499.5
1.06,4,6,1,499.6
0.92,5,0,1,499.6
1.02,7,0,1,499.7
1.04,1,6,2,499.7
1.18,2,6,2,499.7
1,4,3,3,499.7
1.13,5,4,3,499.9
1.01,1,5,2,500
0.9,2,3,1,500
1.01,1,5,3,500
1.1,1,6,2,500.2
1.1,1,6,3,500.2
1.12,1,6,1,500.2
0.9,2,3,1,500.2
1,4,5,2,500.2
1,4,5,1,500.2
1,4,5,1,500.2
1.2,3,6,3,500.3
1.2,4,5,1,500.3
1.07,4,5,2,500.3
1.27,6,4,1,500.4
1.2,4,6,2,500.4
1.22,3,6,1,500.4
0.97,0,5,2,500.5
1,2,5,2,500.5
1,2,5,2,500.5
1,2,5,3,500.5
1,2,5,2,500.5
1,2,5,2,500.5
1.23,4,6,2,500.6
1.08,1,6,2,500.6
1.01,4,5,1,500.7
1.09,4,5,1,500.7
1.08,3,6,1,500.8
1.12,5,4,1,500.8
1.03,5,3,1,508
1.03,2,6,2,508.1
1.03,1,6,1,508.2
1.25,6,4,2,508.2
1.12,5,4,2,508.2
1.05,5,4,0,508.2
1.01,3,5,2,508.3
1.01,0,6,2,508.3
1.01,3,5,2,508.3
1.01,3,5,3,508.3
1.01,3,5,1,508.3
1.01,0,6,2,508.3
1.01,0,6,2,508.3
1.21,2,6,3,508.3
1.21,4,6,1,508.4
1.08,5,4,0,508.5
0.81,0,3,1,508.5
1.02,3,6,1,508.6
1,1,5,1,508.6
1,1,5,2,508.6
1.21,5,6,0,508.7
1.01,1,5,2,508.9
1.01,2,5,2,508.9
0.93,1,5,1,508.9
1.01,1,5,2,509
1.18,6,3,1,518.3
1.03,3,5,2,518.3
1.03,3,5,1,518.3
1.03,3,5,2,518.3
1.06,0,6,3,518.4
0.87,1,3,0,518.4
1.14,3,6,0,518.4
1.37,6,6,2,518.4
1.05,4,5,1,518.4
1.58,7,5,1,518.5
1.22,5,6,1,518.5
1.04,3,5,1,518.6
1.16,5,4,1,518.7
1.31,6,4,3,518.8
1.1,7,2,1,518.8
1.23,5,6,2,518.9
1.26,6,4,1,518.9
1.02,2,6,1,518.9
1.15,4,6,2,518.9
1.15,5,5,1,518.9
0.9,0,4,1,519
1.14,0,6,2,519
1.21,4,6,0,519.1
0.9,2,3,2,519.1
1.4,6,6,1,519.2
0.97,0,5,1,529.2
1.28,4,5,0,529.3
0.81,0,2,1,529.4
1.01,2,5,2,529.4
1.01,1,6,2,529.4
1.01,4,5,1,529.4
1.26,6,4,1,529.5
1.16,3,6,1,529.5
1.31,5,6,2,529.6
1.12,3,5,2,529.6
0.9,4,2,1,529.6
1,2,5,1,529.7
1.2,5,5,1,529.8
1.21,5,6,1,529.9
1.53,7,5,2,530
1.2,2,6,2,530
1.04,4,4,2,530
1.04,2,5,2,530
1.5,7,4,1,530.1
1.02,4,4,1,530.1
1.02,4,4,2,530.1
1.03,2,5,1,530.2
1.16,3,6,2,530.3
1.01,3,4,3,530.4
1.32,5,6,1,530.4
1.04,4,4,1,540.5
1.18,6,4,1,540.6
1.28,6,4,1,540.7
1.13,4,5,2,540.7
1.13,4,5,1,540.7
1.11,4,5,2,540.8
1.12,3,5,1,541.1
1.28,7,2,1,541.2
1.28,5,6,1,541.2
1.01,1,6,1,541.3
1.25,3,6,1,541.4
1.22,4,6,1,541.4
1.39,6,5,1,541.6
1.01,2,5,1,541.6
1.01,2,5,2,541.6
1.01,2,5,2,541.6
1.01,1,5,1,541.6
1.01,2,6,1,541.6
1.01,5,4,2,541.6
1.01,4,4,0,541.6
1.3,6,6,1,541.7
1.02,1,5,2,541.7
1.5,7,5,2,541.7
0.8,2,0,1,541.8
1.29,5,6,1,541.8
1,1,5,2,553.5
1.41,6,6,2,553.6
1.1,3,5,2,553.6
1.22,3,6,2,554.1
1.3,5,6,1,554.1
1.6,7,5,2,554.2
1.02,2,5,2,554.3
1.01,1,5,1,554.3
1.01,4,3,1,554.3
1.01,3,4,1,554.3
1.26,7,5,2,554.4
1.12,6,0,2,554.4
1,4,3,2,554.4
1.4,7,5,2,554.4
1.4,7,3,3,554.4
1,4,3,2,554.4
1.52,5,6,3,554.5
1.37,5,6,2,554.6
1.16,7,0,3,554.7
1.23,7,4,2,554.7
1.15,5,3,1,554.7
1.17,1,6,2,554.8
1.06,3,5,1,554.8
1.22,3,6,2,554.8
1.2,6,4,1,554.8
0.9,3,1,1,566.1
0.9,1,3,1,566.1
0.9,1,3,2,566.1
1.08,3,5,1,566.2
1.12,3,5,1,566.2
1.2,5,4,1,566.3
1.17,4,5,1,566.3
1.25,7,2,2,566.3
1.16,3,5,3,566.5
1.01,4,6,1,566.6
1.01,1,5,2,566.6
1.27,5,5,1,566.6
1.24,4,6,2,566.6
1.15,5,4,1,566.7
1.21,4,6,1,566.7
1.28,6,5,1,566.8
1.33,6,4,1,566.9
1.01,0,5,2,566.9
1.13,6,0,0,566.9
1.1,5,3,1,567
1.02,0,6,1,567.1
0.81,0,2,0,567.1
1.01,2,5,2,567.2
1.1,4,5,1,567.3
1.5,6,6,2,567.3
1.01,0,6,1,580.1
1.08,6,2,1,580.1
1.16,2,6,1,580.2
1.34,6,4,2,580.2
1.06,4,4,1,580.3
1.11,5,4,1,580.3
1.44,6,6,2,580.4
1.35,5,6,1,580.6
1.5,7,4,2,580.6
1.01,4,3,1,580.7
1.2,3,6,2,580.7
1.2,3,6,1,580.7
1.2,4,5,1,580.9
1.63,7,6,1,580.9
1.1,3,5,1,581
1.25,5,5,2,581
1.01,5,3,1,581
1.03,3,5,1,581.1
1.28,6,4,1,581.2
1,1,5,1,581.5
1.24,3,6,1,581.5
1.33,6,3,2,581.5
1.34,5,6,2,581.6
1.22,4,6,0,581.6
1.13,4,5,1,581.7
1.38,6,5,1,593.5
1.23,6,3,1,593.6
0.76,0,1,0,593.8
0.84,0,2,1,593.8
1.07,6,2,0,593.8
1.01,3,4,2,593.9
1.24,6,2,2,594
1.06,1,5,2,594.1
1,4,4,1,594.1
1.35,5,6,2,594.3
0.81,0,2,1,594.4
1.13,3,5,2,594.5
1.23,3,6,3,594.5
1.55,7,5,2,594.6
0.9,2,2,1,594.6
1.08,2,5,2,594.6
1.32,5,5,1,594.6
1.06,4,6,1,594.7
1.17,2,5,2,594.7
0.99,0,5,1,594.8
1.04,2,5,1,594.9
1.03,1,5,2,594.9
1.26,6,3,2,595
1.25,6,3,1,595
1.2,4,5,1,595.1
1.25,5,4,1,598.2
1.11,4,3,1,598.3
1.05,4,3,1,598.3
1.04,1,5,0,598.3
1,4,4,1,598.5
1.01,4,4,1,598.6
1.23,5,3,2,598.7
1.23,7,1,1,598.7
1.43,6,5,1,598.7
1.2,4,4,3,598.8
1.27,7,2,2,598.8
1.01,4,3,2,598.8
1.01,4,3,1,598.8
1.01,1,5,1,598.9
1.01,1,5,1,598.9
1.01,1,5,1,598.9
1.01,1,5,1,598.9
1.01,0,5,2,599.1
1.3,6,0,3,599.4
1.13,6,2,1,599.4
1.01,4,1,2,599.4
1.07,3,5,1,599.4
1.02,3,3,3,599.5
1.33,6,5,1,599.7
1.2,5,3,2,599.7
1.01,3,4,1,600.2
1.01,1,5,2,600.3
0.85,0,2,1,600.3
1.3,5,5,2,600.3
0.82,0,2,1,600.4
1.47,5,6,3,600.5
0.8,0,1,1,600.5
1.2,5,3,1,600.6
1.2,2,5,3,600.6
1.2,4,5,2,600.6
1.4,5,5,2,600.6
1,4,3,1,600.6
1.22,4,5,1,600.7
1.23,5,4,1,600.7
1.52,6,6,1,600.9
1.01,4,3,1,601
1.12,3,5,0,601.2
1,2,5,2,601.2
1.04,3,4,2,601.3
1.2,1,6,2,601.3
1.02,5,2,0,601.4
1.01,5,1,2,601.5
1.21,4,5,1,601.6
1.2,3,6,1,601.7
1.26,5,5,1,601.7
1.04,4,5,2,615.2
0.85,2,0,1,615.3
1.23,4,6,0,615.4
1.26,5,4,2,615.4
1.11,4,3,1,615.4
1.51,5,6,3,615.4
1.51,7,3,2,615.4
1.51,7,3,3,615.4
1.4,5,6,3,615.4
1.3,7,0,2,615.5
1.01,2,5,1,615.5
1.5,6,5,2,615.5
1.35,7,2,1,615.6
1.22,1,6,1,615.7
1.23,5,4,0,615.8
1.2,4,5,0,615.8
1,0,5,1,615.8
1,2,4,2,616
1,2,5,2,616
1.01,1,5,0,616.1
1.3,4,6,2,616.3
1.34,7,1,3,616.4
1.03,4,4,1,616.5
1.01,3,4,2,616.5
1.17,1,6,2,616.5
1.42,6,5,2,632.2
1.24,4,5,1,632.2
1.1,3,5,1,632.2
1.21,1,6,2,632.2
1.21,4,4,1,632.2
1.31,4,5,2,632.3
1.05,3,4,2,632.4
0.93,2,2,1,632.5
1.01,3,4,0,632.6
1.01,3,4,1,632.6
1.24,5,5,1,632.8
1.7,7,6,2,632.9
0.85,1,1,2,633.2
1.4,6,5,2,633.3
1.01,2,3,3,633.3
1.01,2,3,3,633.3
1.02,2,5,0,633.3
1.29,2,6,1,633.4
1,2,4,2,633.5
1,2,4,2,633.6
1.04,4,3,2,633.7
1.15,3,5,0,633.7
1.29,4,5,1,633.7
1.2,0,6,2,633.8
1.3,6,4,1,633.9
1.28,6,3,1,650.7
1.27,0,6,1,650.7
1.45,6,4,2,650.8
1.02,1,5,1,650.8
1.31,3,6,2,650.8
0.95,1,3,0,650.9
0.95,4,0,0,650.9
0.9,0,3,0,651
1.22,1,6,1,651.3
1.3,6,2,2,651.6
1.29,2,6,1,651.6
1.05,3,4,1,651.7
1.4,5,6,2,651.7
1.4,5,6,1,651.7
1.63,7,4,1,651.7
1,5,2,2,651.8
1.3,3,6,1,651.8
1,3,3,2,652.1
1,3,3,2,652.1
1.33,5,5,1,652.2
1.21,4,4,1,652.2
1.34,4,6,1,652.2
1.3,2,6,2,652.3
1.04,5,2,1,652.3
1.2,4,5,1,652.4
1.4,5,5,2,669.4
0.9,1,2,2,669.5
0.9,1,2,1,669.5
1.07,0,5,1,669.6
1.51,6,5,2,669.9
1.51,6,6,2,669.9
1.51,7,3,2,669.9
1.21,4,4,2,670
1.24,3,5,1,670.1
1.29,6,2,1,670.2
1.37,5,5,1,670.2
0.95,3,0,1,670.3
1.06,3,4,1,670.4
1.49,6,6,1,670.4
1.27,6,4,1,670.6
1.23,4,4,1,670.6
0.91,3,1,0,670.7
1.52,6,4,2,670.8
1.34,5,4,1,670.8
1.21,4,4,2,670.8
1.21,4,4,1,670.8
1.22,5,4,2,671
1.26,1,6,1,671.2
1.56,7,4,1,671.2
1.13,0,5,1,671.4
1.2,4,5,1,687.3
1.4,3,6,2,687.5
1.4,6,3,1,687.5
1.08,3,4,1,687.5
1.21,4,4,1,687.6
1.23,5,2,1,687.6
1.6,7,3,2,687.7
1.4,4,6,2,687.7
1.29,5,3,1,688
1.38,3,6,2,688.1
1.35,4,5,1,688.3
1,3,4,2,688.4
0.9,1,2,2,688.4
1.37,6,2,0,688.6
1.51,5,6,2,688.6
1.27,4,5,1,688.7
1,3,3,3,688.8
1,3,3,2,688.8
1.11,1,5,1,689.1
1.51,6,5,2,689.2
1.22,3,5,1,689.3
1.5,6,3,1,689.4
1.32,2,5,1,689.4
1.26,5,1,2,689.7
1.32,4,5,2,689.7
1.2,0,6,1,696.9
1.01,2,4,2,696.9
1.22,2,5,1,697.2
1.3,5,3,1,697.6
1.11,5,2,1,697.6
1.51,5,6,2,697.6
1.51,5,6,1,697.6
1.1,5,2,1,697.7
1.11,4,4,2,697.8
1.22,5,4,1,697.8
1.04,3,5,1,697.8
1.02,4,3,1,698.3
1.3,1,6,2,698.6
1.16,3,4,1,698.6
1.34,3,5,2,698.7
1.21,4,3,2,698.8
1.11,0,5,2,698.8
1.01,1,4,2,698.8
1.01,1,4,2,698.8
1.15,1,5,1,699
1.5,6,5,2,699
1,2,4,1,699
1.55,6,6,1,699
1.01,1,4,2,699.2
1.41,1,6,3,699.2
0.96,3,1,1,699.3
0.91,2,1,1,699.3
1.36,2,6,2,699.4
1.29,4,5,2,699.4
1.21,3,5,0,699.4
1.02,2,4,1,699.5
1.58,6,4,1,699.5
1.01,2,4,2,699.6
1.54,6,4,1,699.6
1.07,2,4,1,699.8
1.16,6,1,1,699.9
1,4,3,2,700
1.3,0,6,2,700.1
1.2,5,3,1,700.2
1.24,4,5,0,700.2
1.01,3,4,2,700.4
0.9,2,1,2,700.5
1.25,4,4,2,700.6
1.36,2,5,2,700.7
1.07,3,4,1,700.7
1.07,3,4,1,700.7
1.13,5,2,1,700.7
1.3,6,1,1,700.9
1.18,2,5,1,701
1.14,2,4,2,701
1.01,3,4,1,701
1.01,2,4,2,701
1.36,2,6,1,701.1
1,1,4,2,701.2
1,1,4,3,701.2
1.5,6,5,2,701.4
1.01,3,3,1,701.5
1.01,3,3,1,701.5
1,0,5,1,701.5
1,3,4,1,701.5
1.23,3,5,1,701.5
1.51,6,3,2,701.8
1.01,1,4,1,716.6
1.45,5,5,2,716.6
1.19,3,4,1,716.7
1.04,5,0,0,716.7
1.52,3,6,2,717
1.59,6,6,1,717.1
1.2,1,5,2,717.2
1.42,6,3,1,717.2
1.51,6,4,1,717.2
1.16,3,4,1,717.2
1.4,2,6,2,717.4
1.33,4,5,1,717.4
1.17,3,4,1,717.4
1.25,5,2,1,717.5
1.32,4,5,1,717.7
1.32,4,5,2,717.7
1.27,5,3,2,717.7
1.01,4,3,0,717.7
1.5,7,2,3,717.8
1.58,6,4,2,717.8
1.09,3,3,2,717.8
1.21,2,5,1,718.1
1.5,6,5,1,718.2
1.5,5,6,2,718.2
1.25,5,2,1,718.2
1.22,1,5,1,737.7
1.01,2,4,1,737.7
1.02,3,4,2,737.7
1.31,6,1,1,737.8
1.25,3,5,2,738.1
1.25,6,1,0,738.1
1.51,6,5,1,738.5
1.21,3,4,1,738.6
1.28,3,5,1,738.6
1.46,6,4,3,738.8
1.01,3,2,2,738.8
1.01,3,2,2,738.8
1.01,2,3,2,738.8
1.01,2,3,3,738.8
1.01,3,2,2,738.8
1.01,2,3,3,738.8
0.95,1,3,1,738.8
1.3,4,5,2,738.9
1.77,6,6,2,739
1.13,2,4,2,739
1.13,2,4,1,739
1.13,2,4,2,739
1.18,3,4,1,739.1
1.05,2,4,1,739.2
1,2,3,2,739.2
1.02,3,3,1,760.9
0.9,0,2,2,761.3
1.71,6,6,2,761.3
1.52,5,6,0,761.4
1.01,4,2,1,761.5
1.79,7,6,1,762
1.55,5,6,2,762
1.32,4,3,1,762.3
1.55,4,6,1,762.3
1.01,1,4,1,762.3
1.78,7,4,2,762.6
1,1,4,2,762.7
1.2,3,4,2,762.7
1.58,6,5,1,762.8
1,3,1,3,762.9
1.2,1,5,1,763
1.02,2,4,0,763
1.01,3,3,1,763
0.9,2,1,1,763.1
1.18,3,4,1,763.2
1.35,4,5,1,763.3
1.2,5,1,1,763.4
1.04,3,2,2,763.5
0.95,3,0,1,763.6
1.35,4,5,2,763.6
1.2,3,4,2,785.6
0.96,3,0,1,785.7
1.2,3,4,2,785.8
1.29,5,1,0,785.8
1.36,4,5,1,786
1.65,6,5,1,786.3
1.28,4,3,1,786.3
1.01,3,2,3,786.5
1.14,3,4,1,786.5
1.5,6,5,2,786.6
1,2,3,1,786.6
1.5,6,5,2,786.6
1.82,7,5,1,787
1.06,0,4,2,787
1.01,3,3,1,787.3
1,3,2,2,787.4
1.51,6,4,1,787.5
1.32,4,4,1,787.6
1.59,5,6,1,787.6
1.5,4,6,2,788
1.53,3,6,2,788
1.1,3,3,1,788
1.23,3,4,1,788.1
1.01,4,2,1,797.3
1.51,4,6,2,797.3
1.07,2,4,1,797.5
1.25,3,5,1,797.6
1.26,4,3,2,797.6
1.4,6,1,2,797.7
1.23,4,3,1,797.7
1,3,1,1,797.7
1.09,5,0,1,797.7
1.09,5,0,1,797.7
1.01,0,3,2,797.9
1,2,3,2,798
1.01,2,4,1,798.2
1.41,4,5,1,798.2
1.29,1,5,1,798.4
1.43,4,5,2,798.9
1.2,3,4,1,798.9
1.51,6,3,2,798.9
1.3,2,5,1,799.4
1.38,5,3,1,799.4
1.14,1,4,2,799.4
1.02,2,3,1,799.4
1.62,7,3,1,799.5
1.41,4,5,2,799.5
1.12,4,3,1,799.6
1.51,5,5,2,800.1
1.5,6,3,1,800.2
1.2,4,2,1,800.3
1.16,3,4,1,800.3
1.07,1,4,1,800.4
1.02,4,0,1,800.4
1.53,4,6,1,800.5
1.17,4,3,1,800.6
1.04,0,3,3,800.8
1.2,4,3,1,801
1.53,4,6,2,801.1
1.53,4,6,1,801.1
1.25,4,3,1,801.2
1.52,5,5,2,801.3
1.51,5,5,2,801.3
1.51,3,6,1,801.3
1.33,5,3,1,801.3
1.2,3,4,2,801.4
1.09,3,3,1,801.5
0.92,1,1,0,801.5
0.92,1,1,1,801.5
1.09,2,4,1,801.6
1.51,5,6,1,801.6
1.28,4,2,1,801.7
1.26,2,5,1,801.8
1.66,5,6,0,819.9
1.01,0,4,1,819.9
1.01,0,4,1,819.9
1.31,5,0,1,819.9
1.36,4,4,2,820
1.01,2,3,2,820.4
1.17,1,4,1,820.5
1.11,2,4,0,820.5
1.5,4,6,1,820.8
1,0,4,1,820.8
1.4,4,5,2,820.8
1.3,5,2,1,821
1.2,3,4,1,821.2
1.6,6,3,1,821.9
1.55,5,5,2,822.3
1,2,3,2,822.5
1.04,2,3,2,822.5
1.1,2,4,3,822.6
1.12,3,3,0,822.9
1.22,3,4,1,822.9
1.22,3,4,1,822.9
1.03,2,4,1,822.9
1.52,4,6,1,823
1.3,2,5,2,823.1
1.51,4,6,1,823.2
1.12,4,2,1,845.9
1.3,4,3,0,845.9
1.51,6,4,1,846.4
1.01,1,4,1,846.4
1.27,0,5,1,846.4
1.08,2,3,1,846.4
1.02,2,3,2,846.5
1.18,4,2,1,846.6
1.06,3,3,1,846.7
1,1,3,2,846.7
1.29,4,4,1,846.7
1.33,5,2,0,846.8
1.02,3,3,1,846.9
1.23,3,4,1,846.9
1.02,1,4,1,846.9
1.02,1,4,1,846.9
1.18,4,0,0,846.9
1.5,6,1,2,847
1.01,2,3,2,847.1
1.58,6,3,2,847.3
1.01,1,3,2,847.6
1.01,1,3,3,847.6
1.45,4,5,1,847.7
1.51,2,6,2,847.8
1.54,6,3,1,847.8
1.5,5,4,3,870.9
1.51,3,6,1,871
1.01,1,3,2,871.1
1.51,5,5,2,871.2
1,0,4,0,871.2
1.23,3,4,0,871.3
1.4,5,2,1,871.4
0.97,3,0,1,871.4
1.55,5,5,2,871.6
1.13,4,2,1,871.7
1.2,3,3,1,871.8
1.02,2,2,2,872
1.18,2,4,1,872.3
2,7,6,3,872.3
1.3,4,3,0,872.3
1.5,3,6,1,872.3
1.25,3,3,1,872.4
1.51,5,5,1,872.5
1.07,1,4,1,872.9
1.55,4,6,1,873
1.09,0,4,1,873
1.01,0,4,1,873.1
1.11,3,2,0,873.1
1.6,6,3,2,873.6
1.5,5,4,2,873.6
1.01,2,0,2,895.9
1.24,3,4,1,896.1
1.52,5,5,3,896.2
1.04,2,3,1,896.2
1.22,3,3,2,896.4
1.01,3,2,0,896.5
1.29,3,4,1,896.5
1.51,2,6,1,896.9
1.51,6,2,3,896.9
1.51,5,4,2,896.9
1.51,2,6,2,896.9
1.04,1,3,2,897
1.53,5,5,0,897
1.31,5,1,1,897.5
1.2,2,4,0,897.6
1.02,2,4,1,897.6
1.1,4,1,1,897.8
1.58,4,6,1,897.9
1.01,2,3,2,898.2
1.01,1,3,2,898.2
1.01,1,3,2,898.2
1.5,3,6,1,898.3
1.76,7,2,2,898.3
1.2,3,3,1,898.4
1.16,3,3,1,898.4
1.55,6,2,2,920.7
1.26,0,5,0,920.7
1.2,1,4,2,920.7
1.51,1,6,3,920.9
1.21,1,4,0,921.5
1,1,3,1,921.6
2.02,7,6,2,921.7
1.5,1,6,2,921.7
1.63,7,2,1,921.8
1.51,3,6,1,921.9
1.21,3,3,1,922.3
1.52,5,4,0,922.4
1.7,5,6,2,922.5
1.1,2,3,1,922.6
1.51,3,6,1,922.7
1.51,5,5,1,922.7
1.03,3,2,1,922.7
1.19,3,2,2,922.8
1.58,4,5,1,922.9
1.73,5,6,2,923
1.5,5,4,1,923.1
1.52,5,4,1,923.2
1.06,0,4,1,923.5
1.56,4,6,1,923.5
1.54,6,1,1,923.9
1.2,2,4,1,946.2
1.34,0,5,2,946.4
1.46,5,1,1,946.4
1.32,5,1,1,946.5
1.04,3,2,0,946.6
1.57,3,6,1,946.7
1.51,6,5,2,946.8
1.51,4,5,1,946.8
1.51,4,5,1,946.8
1.17,4,2,1,946.8
1.7,5,5,2,946.9
1.15,4,1,0,947
1.5,3,5,1,947.1
1.26,2,4,1,947.2
1.56,3,5,1,947.2
1.5,1,5,3,947.4
1,0,3,2,947.5
1.64,5,5,0,947.6
1.24,3,3,2,948
1.03,2,3,1,948.2
1.62,5,5,1,948.2
1.21,3,2,2,948.3
0.83,0,0,0,948.4
1.6,5,4,1,948.6
1,0,3,1,948.8
1.51,2,6,0,971.7
1.51,2,6,1,971.7
1.5,3,5,2,971.8
1.51,1,6,2,972
0.95,2,1,0,972.1
1,2,2,1,972.1
1.3,3,4,0,972.2
1.06,2,2,1,972.4
1.62,5,5,1,972.5
1.62,3,6,2,972.5
1.53,3,5,1,972.6
1.48,4,5,2,972.6
1.03,2,2,0,972.6
1.5,4,4,1,972.6
1.5,3,5,1,972.7
1,1,3,2,972.8
1.5,3,5,2,972.8
1.56,0,6,2,973
1.02,1,3,2,973
1.43,5,2,1,973.2
1.1,0,4,1,973.2
1.1,3,2,1,973.4
1.32,3,4,1,973.6
1.27,3,3,0,973.7
1.15,1,3,2,973.7
1.06,3,1,0,996.9
1.51,4,5,1,997.3
1.57,5,4,1,997.3
1.14,3,2,1,997.4
1.24,3,3,0,997.5
1.55,2,6,1,997.5
1.09,1,2,2,997.6
1.01,3,0,1,997.8
1.41,2,5,1,998.1
1.22,1,4,1,998.2
1.32,3,4,1,998.3
1.59,2,6,1,998.3
1.05,2,2,2,998.4
2.02,6,6,2,998.4
1.01,0,3,2,998.4
0.94,0,1,1,998.5
1.35,4,2,1,998.8
1.3,3,3,0,999.3
1.3,3,3,0,999.3
1.3,3,3,1,999.3
1.51,2,5,2,999.4
1.51,0,6,2,999.6
1.73,5,5,1,999.6
1.7,5,5,2,999.8
1.55,5,4,0,999.9
1.54,5,3,1,1000
